<?xml version="1.0" encoding="UTF-8"?>
<!DOCTYPE suite SYSTEM "https://testng.org/testng-1.0.dtd">
<suite name="Suite">
  <test thread-count="5" name="Test">
    <classes>
      <class name="testCases.TC007_Scroll"/>
      <class name="testCases.TC0011_Slider"/>
      <class name="testCases.TC001_LocatorLearning"/>
      <class name="testCases.TC0012_KeyboardEvent"/>
      <class name="testCases.TC002_LocatorLearningAdvance"/>
      <class name="testCases.TC0010_RightClick"/>
      <class name="base.DriverSetup"/>
      <class name="testCases.TC003_VerifyPageTitle"/>
      <class name="testCases.TC005_DropDown"/>
      <class name="testCases.TC006_Refresh"/>
      <class name="testCases.TC004_checkboxAndRadioButton"/>
    </classes>
  </test> <!-- Test -->
</suite> <!-- Suite -->
